x,y,Ux,Uy,Umag
154.07372713209767,101.25035480955536,5.120918232235965,-23.137568884926125,23.697487154674192
154.07893073828393,111.49325869903436,5.046321816440468,-22.847331309343673,23.397989482731177
154.08413434447016,121.73616258851335,4.971725400644971,-22.55709373376125,23.098496296796235
154.08933795065641,131.97906647799235,4.8971289848494735,-22.266856158178825,22.79900777365715
154.09454155684267,142.22197036747133,4.822532569053976,-21.97661858259636,22.49952409951166
154.0997451630289,152.46487425695034,4.7479361532584505,-21.68638100701392,22.200045470601918
154.10494876921516,162.70777814642932,4.673339737462953,-21.396143431431483,21.900572093900628
154.1101523754014,172.95068203590833,4.598743321667456,-21.105905855849045,21.60110418785447
154.11535598158767,183.1935859253873,4.524146905871959,-20.815668280266607,21.301641983190127
154.1205595877739,193.43648981486632,4.4495504900764615,-20.52543070468414,21.002185723789086
154.12576319396015,203.6793937043453,4.374954074280964,-20.235193129101702,20.702735667638525
154.1280867123375,213.92436856528712,4.152881733811313,-18.69815715474445,19.153785727070897
154.13041023071486,224.16934342622898,3.9308093933416046,-17.161121180387312,17.605548632596502
154.13273374909218,234.41431828717077,3.708737052871953,-15.624085206030088,16.058230570415706
154.13505726746953,244.6592931481126,3.4866647124022734,-14.087049231672893,14.512125511870652
154.1373807858469,254.90426800905442,3.2645923719325936,-12.55001325731564,12.967667335094575
154.13970430422424,265.1492428699962,3.0425200314629137,-11.012977282958445,11.425523916950674
154.1420278226016,275.39421773093807,2.820447690993234,-9.47594130860125,9.886778487540045
154.14435134097891,285.63919259187986,2.598375350523554,-7.938905334244055,8.353309066968437
154.14667485935627,295.8841674528217,2.3763030100539027,-6.401869359886803,6.828670975867024
154.14899837773362,306.1291423137635,2.154230669584223,-4.864833385529607,5.320461788862011
154.15113886898453,316.3715434278547,2.2761658433084904,-3.862530532550636,4.483310502422307
154.15327936023542,326.6139445419459,2.3981010170327295,-2.860227679571551,3.732531428786725
154.1554198514863,336.8563456560371,2.5200361907569686,-1.8579248265925798,3.13088918104649
154.15756034273718,347.0987467701283,2.641971364481236,-0.8556219736135517,2.7770670954208496
154.1597008339881,357.3411478842194,2.7639065382054753,0.14668087936541951,2.7677959882018737
154.16184132523898,367.5835489983106,2.8858417119297144,1.1489837323444476,3.106162584847355
154.16398181648987,377.8259501124018,3.007776885653982,2.151286585323419,3.6979393945908394
154.16612230774075,388.068351226493,3.129712059378221,3.153589438302447,4.4429971775807156
154.16826279899166,398.3107523405842,3.2516472331024886,4.155892291281475,5.276803053485686
154.17040329024255,408.55315345467534,3.3735824068267277,5.158195144260503,6.163443469516326
154.17091798250084,418.7997131144044,3.9970603548420627,6.3608143524314755,7.512419763721168
154.17143267475916,429.0462727741335,4.620538302857398,7.563433560602448,8.863120298959037
154.17194736701748,439.2928324338626,5.244016250872733,8.76605276877342,10.214861114295067
154.1724620592758,449.53939209359163,5.867494198888068,9.968671976944336,11.567277517112677
154.1729767515341,459.78595175332066,6.4909721469034025,11.171291185115308,12.920157357962431
154.17349144379241,470.03251141304975,7.1144500949187375,12.37391039328628,14.273368858618047
154.1740061360507,480.2790710727788,7.737928042934072,13.576529601457196,15.626825858659494
154.17452082830903,490.5256307325079,8.361405990949407,14.779148809628225,16.98046965435939
154.17503552056732,500.77219039223695,8.984883938964742,15.98176801779914,18.334258871615564
154.17555021282564,511.018750051966,9.608361886980077,17.184387225970113,19.68816351220337
154.17226987976915,521.2622001989287,9.779403879609134,17.262352064720744,19.839998463883074
154.16898954671262,531.5056503458914,9.950445872238163,17.340316903471376,19.99244765828228
154.16570921365616,541.7491004928539,10.121487864867191,17.418281742222007,20.145497150730193
154.16242888059963,551.9925506398167,10.292529857496248,17.496246580972638,20.29913336301943
154.15914854754314,562.2360007867793,10.463571850125277,17.57421141972327,20.453343073636297
154.15586821448665,572.4794509337421,10.634613842754305,17.652176258474015,20.60811340818793
154.15258788143015,582.7229010807047,10.805655835383362,17.730141097224646,20.763431830028697
154.14930754837366,592.9663512276674,10.97669782801242,17.808105935975163,20.91928613108981
154.14602721531713,603.20980137463,11.14773982064142,17.88607077472591,21.075664422912475
164.6657507564266,101.24706754829397,4.448234633525459,-24.079271890509347,24.48669283778373
164.67060975827061,111.49025562820725,4.354644186086233,-23.699575210455237,24.09632318723002
164.67546876011457,121.7334437081205,4.26105373864695,-23.319878530401127,23.705976327422174
164.6803277619586,131.9766317880338,4.167463291207696,-22.940181850347017,23.315653403037075
164.68518676380256,142.21981986794705,4.0738728437684415,-22.560485170292893,22.92535563663516
164.69004576564657,152.46300794786038,3.9802823963292155,-22.180788490238797,22.53508433539218
164.69490476749058,162.70619602777364,3.8866919488899327,-21.801091810184744,22.14484089854046
164.69976376933457,172.9493841076869,3.793101501450707,-21.421395130130577,21.754626825608607
164.70462277117855,183.19257218760018,3.6995110540114524,-21.04169845007644,21.36444372556192
164.7094817730226,193.43576026751344,3.605920606572198,-20.662001770022357,20.974293326958815
164.71434077486657,203.67894834742674,3.5123301591329437,-20.282305089968276,20.58417748925878
164.7166719618559,213.9240177747612,3.319059088086675,-18.691052997636405,18.98345636049093
164.71900314884516,224.16908720209574,3.1257880170402927,-17.099800905304534,17.383145334735207
164.72133433583448,234.4141566294302,2.9325169459939673,-15.50854881297272,15.783369156263795
164.72366552282378,244.65922605676477,2.739245874947642,-13.917296720640849,14.184308794360696
164.7259967098131,254.90429548409924,2.545974803901345,-12.326044628308978,12.586237081874993
164.72832789680237,265.14936491143374,2.3527037328550193,-10.734792535977135,10.989585326346957
164.73065908379172,275.39443433876824,2.1594326618087223,-9.143540443645293,9.395077501833791
164.732990270781,285.63950376610273,1.9661615907623684,-7.55228835131345,7.8040278537671846
164.7353214577703,295.88457319343723,1.772890519716043,-5.961036258981608,6.21909109724182
164.73765264475963,306.12964262077173,1.5796194486697175,-4.369784166649708,4.646526795975475
164.7397305074813,316.37206299464987,1.661278636303507,-3.3740927075324976,3.760897274117231
164.741808370203,326.61448336852806,1.7429378239371829,-2.37840124841523,2.948664910866273
164.7438862329247,336.85690374240625,1.8245970115708872,-1.3827097892979623,2.289331914785147
164.74596409564637,347.0993241162843,1.9062561992046483,-0.38701833018069465,1.9451467515079692
164.74804195836808,357.3417444901625,1.987915386838381,0.6086731289365162,2.079011919907666
164.75011982108975,367.5841648640406,2.0695745744720853,1.6043645880537838,2.618611206479935
164.75219768381146,377.8265852379187,2.151233762105875,2.6000560471710514,3.374625630741127
164.7542755465331,388.0690056117969,2.2328929497395507,3.595747506288319,4.232636418826362
164.75635340925479,398.31142598567504,2.3145521373732834,4.59143896540553,5.141834630719218
164.75843127197646,408.5538463595532,2.3962113250070445,5.5871304245227975,6.079297253360812
164.75897191314462,418.8005745681784,2.9032771151717895,6.7146820488347885,7.315461231147657
164.75951255431272,429.04730277680346,3.4103429053364778,7.842233673146552,8.551670463494984
164.76005319548088,439.29403098542866,3.9174086955011376,8.96978529745843,9.787907803513953
164.76059383664904,449.54075919405375,4.424474485665883,10.097336921770193,11.024163795320348
164.7611344778172,459.7874874026789,4.931540275830571,11.22488854608207,12.260432796769596
164.76167511898532,470.034215611304,5.438606065995316,12.352440170394061,13.496711232898402
164.76221576015348,480.2809438199292,5.945671856160033,13.479991794705882,14.732996728652028
164.7627564013216,490.5276720285543,6.452737646324721,14.607543419017759,15.969287644437536
164.76329704248974,500.77440023717946,6.9598034364894374,15.735095043329636,17.205582811901113
164.76383768365787,511.02112844580455,7.466869226654126,16.862646667641457,18.441881375978806
164.7609772027222,521.2646679805106,7.624624707454444,16.99895219238715,18.63060056918694
164.75811672178656,531.5082075152166,7.782380188254791,17.135257717133186,18.819736938307962
164.75525624085088,541.7517470499224,7.940135669055081,17.27156324187888,19.009278031035855
164.7523957599152,551.9952865846285,8.0978911498554,17.407868766624688,19.1992118606711
164.74953527897952,562.2388261193344,8.255646630655718,17.54417429137061,19.38952688582799
164.74667479804387,572.4823656540404,8.413402111456037,17.680479816116417,19.580211991118812
164.7438143171082,582.7259051887464,8.571157592256384,17.816785340862225,19.771256468764378
164.74095383617254,592.9694447234524,8.728913073056646,17.95309086560792,19.962650001083365
164.73809335523686,603.2129842581584,8.886668553856964,18.089396390353727,20.154382643818508
175.25777438075548,101.24378028703258,3.7755510348150096,-25.020974896092582,25.304228310054977
175.26228877825721,111.48725255738013,3.662966555731998,-24.5518191115668,24.823560294113893
175.26680317575898,121.7307248277277,3.5503820766489866,-24.082663327041033,24.342963784506548
175.27131757326072,131.97419709807525,3.437797597566032,-23.613507542515237,23.862443101708067
175.27583197076245,142.21766936842283,3.325213118482992,-23.144351757989483,23.382002920641384
175.28034636826425,152.46114163877036,3.2126286393999806,-22.6751959734637,22.901648307702164
175.28486076576598,162.70461390911794,3.100044160317026,-22.20604018893792,22.42138476251281
175.28937516326772,172.9480861794655,2.9874596812340144,-21.736884404412137,21.941218265123165
175.2938895607695,183.19155844981307,2.874875202151003,-21.267728619886384,21.461155329503516
175.29840395827122,193.43503072016057,2.7622907230679914,-20.798572835360602,20.98120306432754
175.30291835577296,203.67850299050815,2.64970624398498,-20.32941705083482,20.501369242228346
175.30525721137423,213.92366698423538,2.485236442362009,-18.68394884052833,18.848510404006042
175.30759606697552,224.16883097796253,2.320766640739066,-17.038480630221812,17.19580704669633
175.30993492257676,234.4139949716897,2.1562968391161235,-15.393012419915351,15.543308766734656
175.31227377817802,244.6591589654169,1.9918270374930955,-13.747544209608833,13.89108875295374
175.31461263377932,254.90432295914405,1.827357235870096,-12.1020759993024,12.239259698216145
175.31695148938056,265.14948695287126,1.6628874342471534,-10.456607788995825,10.588004584050067
175.31929034498182,275.39465094659846,1.4984176326241823,-8.811139578689392,8.937641527657378
175.3216292005831,285.6398149403256,1.3339478310012112,-7.1656713683829025,7.288776507445906
175.32396805618436,295.8849789340528,1.1694780293782117,-5.520203158076356,5.642722903672882
175.32630691178562,306.13014292777996,1.0050082277552406,-3.874734947769923,4.002950468507613
175.32832214597812,316.37258256144503,1.0463914292984384,-2.885654882514359,3.0695177348059395
175.3303373801706,326.61502219511027,1.0877746308416931,-1.8965748172589088,2.186378211783919
175.33235261436306,336.8574618287753,1.1291578323848626,-0.9074947520034016,1.4486352665007838
175.33436784855553,347.09990146244047,1.1705410339280888,0.0815853132521056,1.1733807887671774
175.336383082748,357.34234109610554,1.2119242354713151,1.070665378507556,1.6171223532118588
175.33839831694047,367.58478072977067,1.2533074370145414,2.05974544376312,2.411084989123961
175.34041355113294,377.8272203634358,1.2946906385577108,3.0488255090185703,3.3123346500635042
175.34242878532544,388.06965999710087,1.336073840100937,4.0379055742740775,4.2532075816912265
175.34444401951788,398.31209963076606,1.3774570416441918,5.026985639529585,5.212290525441942
175.34645925371038,408.5545392644311,1.4188402431873612,6.016065704785092,6.1811126991812175
175.34702584378834,418.80143602195227,1.8094938755014596,7.068549745237817,7.296482960055406
175.34759243386634,429.0483327794735,2.2001475078155295,8.121033785690543,8.413788611824886
175.34815902394433,439.2952295369947,2.5908011401295994,9.173517826143382,9.532349125701765
175.3487256140223,449.5421262945159,2.9814547724436977,10.226001866596164,10.651769183368344
175.34929220410024,459.7890230520371,3.372108404757796,11.278485907048946,11.771803576722636
175.34985879417823,470.0359198095583,3.7627620370718944,12.330969947501671,12.892292193160175
175.3504253842562,480.2828165670795,4.153415669385964,13.38345398795451,14.013126074163335
175.35099197433416,490.5297133246008,4.544069301700034,14.435938028407122,15.134228509529764
175.35155856441216,500.776610082122,4.934722934014161,15.488422068860018,16.255543934874506
175.35212515449012,511.0235068396431,5.325376566328202,16.5409061093128,17.377031118413154
175.3496845256753,521.2671357620925,5.469845535299839,16.735552320053785,17.606757840025438
175.34724389686045,531.5107646845418,5.614314504271448,16.93019853079477,17.836820054174403
175.34480326804564,541.754393606991,5.758783473243,17.124844741535526,18.06720494468897
175.3423626392308,551.9980225294403,5.90325244221458,17.31949095227685,18.29790032332978
175.33992201041596,562.2416514518895,6.04772141118616,17.514137163017608,18.52889459283295
175.33748138160112,572.4852803743389,6.192190380157825,17.708783373758592,18.7601767124627
175.33504075278628,582.7289092967881,6.336659349129377,17.903429584499577,18.991736165870762
175.33260012397145,592.9725382192374,6.4811283181009856,18.098075795240675,19.223562931100126
175.3301594951566,603.2161671416867,6.625597287072566,18.292722005981545,19.455647452567206
185.84979800508444,101.24049302577117,3.1028674361045034,-25.962677901675804,26.147436397325894
185.85396779824393,111.48424948655301,2.9712889253777632,-25.404063012678392,25.577235492331983
185.85813759140342,121.72800594733485,2.8397104146509946,-24.84544812368091,25.007203916183766
185.86230738456294,131.97176240811672,2.7081319039242544,-24.286833234683456,24.43735351830016
185.8664771777224,142.21551886889856,2.576553393197514,-23.728218345686017,23.867697275785698
185.8706469708819,152.45927532968037,2.4449748824707456,-23.169603456688606,23.29824943029217
185.87481676404138,162.70303179046223,2.3133963717440054,-22.61098856769115,22.729025645219775
185.8789865572009,172.94678825124404,2.181817861017265,-22.052373678693698,22.16004318685766
185.88315635036037,183.19054471202588,2.0502393502904965,-21.493758789696273,21.591321133805717
185.88732614351989,193.43430117280775,1.9186608395637847,-20.935143900698847,21.02288061993988
185.89149593667938,203.6780576335896,1.7870823288369877,-20.376529011701365,20.454745117325437
185.8938424608926,213.92331619370944,1.651413796637371,-18.676844683420313,18.74971186062148
185.89618898510582,224.16857475382932,1.5157452644377258,-16.97716035513912,17.044690006884046
185.89853550931906,234.4138333139492,1.3800767322381091,-15.277476026857954,15.339683358468795
185.9008820335323,244.65909187406908,1.2444082000385208,-13.577791698576874,13.634697619612478
185.90322855774554,254.90435043418893,1.1087396678388757,-11.878107370295709,11.929741755432625
185.90557508195874,265.14960899430884,0.973071135639259,-10.178423042014572,10.224830710443447
185.90792160617198,275.3948675544287,0.8374026034396422,-8.478738713733435,8.519991390606542
185.9102681303852,285.6401261145485,0.7017340712399971,-6.779054385452355,6.815277622199984
185.91261465459843,295.88538467466844,0.5660655390404088,-5.079370057171161,5.11081503991057
185.91496117881167,306.13064323478824,0.43039700684076365,-3.379685728890024,3.4069806588180658
185.91691378447493,316.37310212824036,0.43150422229342666,-2.3972170574962774,2.435743318703382
185.9188663901382,326.6155610216924,0.4326114377461465,-1.4147483861025876,1.4794139556083228
185.92081899580145,336.85801991514444,0.43371865319883796,-0.43227971470884086,0.6123541637658478
185.92277160146472,347.1004788085966,0.43482586865147255,0.5501889566849627,0.7012712913748825
185.92472420712798,357.3429377020486,0.4359330841042208,1.5326576280786526,1.593448166312384
185.92667681279124,367.58539659550064,0.43704029955691226,2.5151262994723993,2.5528150198818795
185.92862941845453,377.82785548895276,0.4381475150095753,3.497594970866203,3.5249317475857063
185.93058202411777,388.0703143824048,0.4392547304622667,4.48006364225995,4.501545840812128
185.93253462978106,398.31277327585696,0.44036194591498656,5.462532313653696,5.4802534540950605
185.9344872354443,408.55523216930897,0.441469161367678,6.445000985047386,6.4601031507012685
185.93507977443213,418.8022974757262,0.715710635831158,7.42241744164113,7.456843996773722
185.93567231341993,429.04936278214353,0.9899521102945812,8.399833898234704,8.457967527639813
185.93626485240773,439.2964280885608,1.2641935847580612,9.37725035482839,9.46208273251046
185.93685739139553,449.5434933949781,1.5384350592214844,10.354666811422021,10.468328768576505
185.93744993038337,459.79055870139524,1.8126765336849928,11.332083268015765,11.476145145867367
185.93804246937117,470.0376240078126,2.086918008148416,12.309499724609339,12.485151590705318
185.93863500835897,480.28468931422987,2.361159482611896,13.286916181203082,13.495081167175112
185.93922754734677,490.5317546206471,2.635400957075319,14.264332637796713,14.505741063670827
185.93982008633458,500.77881992706443,2.909642431538799,15.241749094390457,15.51698857819272
185.94041262532238,511.02588523348163,3.183883906002279,16.219165550984144,16.528715857474566
185.93839184862838,521.2696035436743,3.3150663631451494,16.472152447720305,16.802424564716677
185.93637107193436,531.5133218538668,3.4462488202880195,16.725139344456352,17.076501896548322
185.9343502952404,541.7570401640594,3.577431277430918,16.978126241192513,17.350930384466732
185.9323295185464,552.000758474252,3.7086137345737313,17.231113137928673,17.625693626191484
185.93030874185237,562.2444767844446,3.83979619171663,17.484100034664834,17.900776207083545
185.92828796515835,572.4881950946374,3.9709786488595,17.73708693140088,18.176163628273432
185.9262671884644,582.7319134048298,4.10216110600237,17.990073828137042,18.451842240855516
185.92424641177038,592.9756317150225,4.23334356314524,18.243060724873203,18.72779918556995
185.92222563507636,603.2193500252151,4.36452602028811,18.496047621609364,19.004022337458284
196.4418216294133,101.23720576450978,2.4301838373940257,-26.904380907259025,27.013913183513697
196.44564681823056,111.48124641572592,2.2796112950235567,-26.256306913789913,26.355080732328084
196.4494720070478,121.72528706694203,2.1290387526530026,-25.608232920320802,25.696583417094583
196.45329719586508,131.96932771815815,1.978466210282562,-24.96015892685172,25.038447679497335
196.45712238468235,142.21336836937428,1.827893667912008,-24.312084933382593,24.380702800969495
196.46094757349957,152.4574090205904,1.677321125541539,-23.66401093991348,23.723381291935027
196.46477276231678,162.70144967180653,1.5267485831710417,-23.015936946444384,23.066519346423256
196.46859795113403,172.94549032302265,1.376176040800516,-22.36786295297523,22.41015737513584
196.47242313995127,183.18953097423878,1.2256034984300186,-21.719788959506133,21.754340633097762
196.47624832876852,193.4335716254549,1.0750309560594928,-21.071714966037064,21.099119961894065
196.48007351758577,203.67761227667103,0.9244584136890239,-20.423640972567938,20.44455267143295
196.48242771041097,213.92296540318355,0.8175911509127616,-18.669740526312154,18.68763405597063
196.48478190323615,224.16831852969614,0.7107238881364708,-16.91584008005637,16.930764130989758
196.48713609606133,234.41367165620866,0.6038566253602369,-15.161939633800586,15.173959808929391
196.48949028888654,244.65902478272125,0.4969893625839461,-13.40803918754483,13.41724685922039
196.49184448171172,254.90437790923374,0.39012209980765533,-11.654138741289103,11.660666578458278
196.4941986745369,265.1497310357463,0.28325483703136456,-9.900238295033262,9.904289555598865
196.49655286736208,275.39508416225885,0.1763875742551022,-8.146337848777478,8.148247230096548
196.4989070601873,285.6404372887714,0.06952031147883986,-6.39243740252175,6.392815421930085
196.50126125301247,295.88579041528396,-0.037346951297450914,-4.638536956265909,4.638687302396641
196.50361544583768,306.13114354179646,-0.14421421407371326,-2.884636510010182,2.8882391754189305
196.50550542297174,316.3736216950355,-0.18338298471155667,-1.908779232478139,1.9175681154581061
196.50739540010576,326.6160998482746,-0.22255175534937166,-0.9329219549462664,0.9590999206703388
196.50928537723985,336.85857800151365,-0.26172052598721507,0.0429353225857767,0.26521892023113514
196.5111753543739,347.10105615475265,-0.30088929662500163,1.018792600117763,1.0622959714120168
196.51306533150796,357.34353430799166,-0.34005806726284504,1.9946498776496924,2.0234296685376725
196.514955308642,367.5860124612307,-0.37922683790068845,2.9705071551817355,2.994616127915236
196.51684528577607,377.8284906144698,-0.41839560853850344,3.9463644327137217,3.968481714841609
196.51873526291013,388.0709687677088,-0.45756437917634685,4.922221710245708,4.943443306634073
196.52062524004418,398.31344692094785,-0.49673314981419026,5.898078987777694,5.918959331520118
196.52251521717824,408.5559250741868,-0.5359019204520052,6.8739362653096805,6.8947944601622275
196.52313370507588,418.8031589295001,-0.3780726038392004,7.776285138044273,7.7854704059512025
196.5237521929735,429.0503927848135,-0.22024328722631026,8.678634010778751,8.681428188876177
196.52437068087116,439.29762664012696,-0.0624139706135054,9.5809828835134,9.581186174890064
196.5249891687688,449.5448604954403,0.09541534599938473,10.483331756248049,10.483765964566883
196.52560765666644,459.79209435075353,0.25324466261216116,11.385680628982527,11.388496663051251
196.52622614456408,470.0393282060669,0.41107397922502287,12.28802950171712,12.294903450270205
196.52684463246175,480.28656206138027,0.5689032958378561,13.190378374451711,13.202641122942733
196.52746312035936,490.5337959166935,0.7267326124506894,14.09272724718636,14.111452850560365
196.528081608257,500.781029772007,0.8845619290635511,14.995076119920896,15.021143686436481
196.52870009615464,511.02826362732026,1.0423912456763844,15.897424992655488,15.931563040272291
196.52709917158145,521.2720713252562,1.1602871909905161,16.20875257538671,16.25022850349133
196.5254982470083,531.515879023192,1.2781831363046479,16.520080158118162,16.569453840141595
196.52389732243512,541.759686721128,1.396079081618808,16.831407740849386,16.889207303507714
196.52229639786196,552.0034944190639,1.5139750269329966,17.14273532358061,17.20945945567481
196.52069547328878,562.2473021169998,1.6318709722470999,17.454062906311947,17.530182965604133
196.51909454871563,572.4911098149357,1.7497669175612316,17.765390489043284,17.85135242758882
196.51749362414245,582.7349175128717,1.8676628628753917,18.07671807177462,18.17294419778444
196.51589269956926,592.9787252108076,1.9855588081895519,18.388045654505845,18.494936246793888
196.5142917749961,603.2225329087435,2.1034547535036836,18.699373237237296,18.8173080265362
207.03384525374224,101.23391850324839,1.7575002386835195,-27.84608391284226,27.90149093453655
207.03732583821724,111.4782433448988,1.5879336646692934,-27.108550814901477,27.15501906844268
207.04080642269224,121.7225681865492,1.418367090655039,-26.371017716960708,26.409133659249573
207.0442870071672,131.96689302819962,1.248800516640756,-25.63348461901994,25.663885840688543
207.04776759164224,142.21121786985,1.07923394262653,-24.895951521079155,24.91933281696845
207.0512481761172,152.4555427115004,0.9096673686122756,-24.158418423138357,24.17553878259901
207.0547287605922,162.69986755315082,0.7401007945980211,-23.420885325197588,23.4325760129402
207.0582093450672,172.94419239480123,0.5705342205837951,-22.68335222725679,22.69052616319535
207.06168992954218,183.18851723645164,0.40096764656956907,-21.94581912931605,21.949481823274322
207.06517051401718,193.43284207810206,0.2314010725552862,-21.208286031375224,21.209548388520798
207.06865109849218,203.67716691975244,0.061834498541031735,-20.470752933434454,20.470846322683514
207.0710129599293,213.9226146126577,-0.016231494811847824,-18.662636369204023,18.66264342772911
207.0733748213665,224.16806230556296,-0.09429748816481265,-16.85451980497362,16.854783590201393
207.0757366828036,234.41350999846813,-0.17236348151772063,-15.046403240743246,15.047390459903994
207.0780985442408,244.65895769137336,-0.25042947487068545,-13.238286676512843,13.24065515944817
207.0804604056779,254.90440538427856,-0.32849546822359343,-11.430170112282383,11.434889508358046
207.0828222671151,265.1498530771838,-0.40656146157652984,-9.622053548052008,9.630638956145095
207.0851841285522,275.3953007700891,-0.48462745492946624,-7.813936983821577,7.828951076434573
207.08754598998937,285.6407484629943,-0.5626934482823458,-6.005820419591203,6.03212258074374
207.08990785142652,295.8861961558995,-0.6407594416352822,-4.197703855360714,4.246326685425294
207.09226971286367,306.13164384880474,-0.7188254349882186,-2.38958729113034,2.495363185573923
207.09409706146852,316.3741412618307,-0.79827019171654,-1.4203414074601142,1.6292958640863666
207.09592441007337,326.61663867485674,-0.8777149484448898,-0.4510955237898884,0.9868488751105153
207.09775175867819,336.85913608788275,-0.9571597051732681,0.5181503598803374,1.0884091586584068
207.09957910728303,347.10163350090875,-1.036604461901618,1.48739624355062,1.8129799766579988
207.1014064558879,357.3441309139347,-1.1160492186299678,2.456642127220789,2.6982691488508785
207.10323380449273,367.58662832696075,-1.1954939753583176,3.4258880108910716,3.6284865313633476
207.1050611530976,377.8291257399867,-1.2749387320866674,4.395133894561297,4.576316282961255
207.10688850170243,388.07162315301275,-1.3543834888149888,5.364379778231523,5.5327140753769255
207.1087158503073,398.3141205660387,-1.433828245543367,6.333625661901749,6.493895399744158
207.11054319891213,408.5566179790647,-1.513273002271717,7.302871545571975,7.458010994261758
207.1111876357196,418.8040203832741,-1.4718558435094735,8.130152834447529,8.26230868072285
207.11183207252708,429.05142278748355,-1.4304386847472585,8.957434123322969,9.07093054236952
207.11247650933456,439.29882519169297,-1.3890215259850436,9.784715412198466,9.882815211131089
207.11312094614206,449.54622759590234,-1.347604367222857,10.611996701073906,10.697219803021792
207.1137653829495,459.79363000011176,-1.3061872084606705,11.439277989949346,11.513609597119656
207.114409819757,470.0410324043212,-1.264770049698427,12.266559278824957,12.3315903199685
207.11505425656446,480.2884348085306,-1.2233528909362121,13.09384056770034,13.150865108733994
207.11569869337194,490.5358372127401,-1.1819357321739687,13.921121856575837,13.97120631229183
207.11634313017942,500.78323961694946,-1.1405185734117822,14.74840314545122,14.792436511847962
207.1169875669869,511.0306420211588,-1.0991014146495672,15.575684434326831,15.614415439503837
207.11580649453455,521.2745391068381,-0.9944919811640887,15.945352703053231,15.976335221989011
207.1146254220822,531.5184361925174,-0.8898825476787238,16.315020971779745,16.33927171749941
207.1134443496299,541.7623332781964,-0.7852731141932736,16.684689240506145,16.70315865087009
207.11226327717753,552.0062303638757,-0.6806636807078803,17.05435750923266,17.06793523244552
207.11108220472522,562.2501274495548,-0.5760542472224586,17.424025777959173,17.43354561776602
207.10990113227285,572.4940245352342,-0.47144481373703684,17.793694046685687,17.799938427968147
207.10872005982054,582.7379216209133,-0.3668353802516151,18.163362315412087,18.167066323353815
207.1075389873682,592.9818187065925,-0.26222594676616495,18.533030584138487,18.534885623595578
207.10635791491583,603.2257157922718,-0.15761651328077164,18.902698852865115,18.9033559689111
217.62586887807117,101.230631241987,1.08481663997307,-28.787786918425482,28.808219361894476
217.62900485820393,111.47524027407167,0.8962560343150301,-27.960794716013027,27.97515533522679
217.63214083833665,121.71984930615638,0.7076954286570754,-27.1338025136006,27.14302989105712
217.6352768184694,131.96445833824106,0.5191348229990354,-26.306810311188144,26.311932078684094
217.63841279860213,142.20906737032578,0.3305742173410522,-25.479818108775675,25.48196244737566
217.6415487787349,152.45367640241045,0.14201361168306903,-24.65282590636326,24.653234940578468
217.6446847588676,162.69828543449512,-0.04654699397494255,-23.82583370395082,23.825879171836807
217.6478207390004,172.94289446657984,-0.23510759963295413,-22.99884150153838,23.000043173791855
217.6509567191331,183.1875034986645,-0.4236682052909373,-22.17184929912591,22.175896737027898
217.65409269926587,193.43211253074918,-0.6122288109489205,-21.344857096713497,21.353635488976497
217.6572286793986,203.6767215628339,-0.800789416606932,-20.517864894301027,20.5334859074279
217.65959820944772,213.9222638221318,-0.8500541405365141,-18.655532212095977,18.67488886602525
217.66196773949682,224.16780608142972,-0.899318864466153,-16.7931995298909,16.81726270445677
217.66433726954594,234.41334834072762,-0.9485835883956497,-14.930866847685877,14.96096907447839
217.66670679959503,244.65889060002553,-0.9978483123252317,-13.06853416548077,13.106574170573655
217.66907632964416,254.90443285932344,-1.0471130362548138,-11.206201483275748,11.255016543500341
217.67144585969328,265.14997511862134,-1.0963777601843958,-9.343868801070698,9.40797153294212
217.67381538974237,275.39551737791925,-1.1456424841139778,-7.481536118865677,7.568743581288676
217.67618491979147,285.64105963721715,-1.1949072080435599,-5.619203436660598,5.744845559143669
217.6785544498406,295.88660189651506,-1.244171931973085,-3.7568707544555195,3.957529742401543
217.6809239798897,306.13214415581297,-1.293436655902667,-1.8945380722504979,2.293960089024939
217.68268869996533,316.37466082862596,-1.4131573987215234,-0.9319035824420325,1.6927664105037283
217.68445342004097,326.6171775014389,-1.5328781415404649,0.030730907366489646,1.5331861548683896
217.68621814011658,336.8596941742519,-1.6525988843592927,0.9933653971748981,1.928174754759024
217.68798286019225,347.10221084706484,-1.7723196271781774,1.9559998869834772,2.6395174594535966
217.68974758026786,357.3447275198778,-1.8920403699970336,2.9186343767919425,3.4782529216677447
217.6915123003435,367.5872441926907,-2.0117611128159183,3.881268866600408,4.371662245631512
217.69327702041915,377.8297608655037,-2.1314818556347745,4.843903356408873,5.29212760873445
217.6950417404948,388.0722775383167,-2.251202598453631,5.806537846217395,6.227663679008311
217.69680646057043,398.31479421112965,-2.3709233412725155,6.769172336025804,7.172375590068318
217.69857118064607,408.5573108839426,-2.4906440840913717,7.731806825834269,8.123062522573413
217.69924156636338,418.8048818370481,-2.5656390831798035,8.484020530850671,8.863470441821049
217.69991195208067,429.05245279015355,-2.6406340822682353,9.236234235867073,9.606298517964118
217.70058233779798,439.30002374325903,-2.71562908135661,9.988447940883418,10.351025725755296
217.70125272351527,449.54759469636457,-2.7906240804450135,10.74066164589982,11.0972697250298
217.70192310923258,459.79516564946994,-2.865619079533417,11.492875350916165,11.844743836009386
217.7025934949499,470.0427366025755,-2.940614078621877,12.245089055932567,12.593229019878448
217.7032638806672,480.290307555681,-3.015609077710252,12.997302760948969,13.34255512146531
217.70393426638452,490.53787850878643,-3.0906040767986838,13.749516465965428,14.092588002470627
217.70460465210184,500.785449461892,-3.1655990758871155,14.501730170981773,14.843220521882047
217.70527503781912,511.0330204149974,-3.2405940749754905,15.253943875998175,15.594366089420514
217.70451381748762,521.27700688842,-3.1492711533187787,15.681952830719752,15.995047776797824
217.70375259715613,531.5209933618424,-3.057948231662124,16.109961785441442,16.39761922096952
217.70299137682463,541.764979835265,-2.966625310005412,16.53797074016302,16.801944587828306
217.7022301564931,552.0089663086875,-2.8753023883487288,16.96597969488471,17.207900244704003
217.70146893616163,562.25295278211,-2.78397946669196,17.3939886496064,17.615373479253815
217.7007077158301,572.4969392555327,-2.692656545035277,17.821997604327976,18.024261368449846
217.6999464954986,582.7409257289551,-2.6013336233785935,18.250006559049552,18.43446977879949
217.6991852751671,592.9849122023777,-2.51001070172191,18.678015513771243,18.845912481369474
217.69842405483558,603.2288986758001,-2.4186877800651985,19.106024468492933,19.258510367317804
228.21789250240005,101.2273439807256,0.4121330412625639,-29.729489924008703,29.732346439281162
228.22068387819053,111.47223720324457,0.2045784039608236,-28.813038617124604,28.813764882001813
228.22347525398106,121.71713042576354,-0.0029762333409166786,-27.896587310240463,27.89658746900477
228.22626662977154,131.9620236482825,-0.21053087064268539,-26.980136003356364,26.98095739604323
228.22905800556202,142.20691687080148,-0.41808550794442567,-26.06368469647225,26.067037719101783
228.2318493813525,152.45181009332043,-0.6256401452462228,-25.147233389588138,25.155014862682158
228.234640757143,162.69670331583944,-0.8331947825479631,-24.230782082704025,24.24510288460652
228.23743213293352,172.9415965383584,-1.040749419849675,-23.31433077581991,23.337548690452923
228.240223508724,183.18648976087738,-1.2483040571514437,-22.3978794689358,22.43263844767433
228.24301488451448,193.43138298339633,-1.4558586944532124,-21.481428162051685,21.530705525356158
228.245806260305,203.67627620591531,-1.6634133317549242,-20.564976855167572,20.632140387411045
228.24818345896605,213.92191303160592,-1.683876786261152,-18.648428054987875,18.724297315343186
228.25056065762712,224.1675498572965,-1.7043402407673796,-16.731879254808206,16.818458878677923
228.2529378562882,234.4131866829871,-1.7248036952736072,-14.815330454628509,14.915393533764789
228.25531505494928,244.65882350867764,-1.7452671497798349,-12.898781654448783,13.016317666423369
228.25769225361034,254.90446033436825,-1.765730604286091,-10.982232854269114,11.123274833982142
228.2600694522714,265.15009716005886,-1.7861940587923186,-9.065684054089388,9.23997384110126
228.26244665093247,275.3957339857495,-1.8066575132985179,-7.149135253909719,7.373882711913227
228.26482384959354,285.64137081144,-1.8271209678047455,-5.23258645373005,5.542412112677202
228.26720104825463,295.88700763713064,-1.8475844223109732,-3.3160376535503815,3.796007628723906
228.2695782469157,306.1326444628212,-1.8680478768171724,-1.3994888533706558,2.3341319415983874
228.2712803384621,316.3751803954211,-2.0280446057265635,-0.4434657574239509,2.075964065398101
228.27298243000854,326.61771632802106,-2.1880413346359546,0.5125573385228108,2.24727388347506
228.274684521555,336.860252260621,-2.3480380635453457,1.4685804344695157,2.7694785141546863
228.2763866131014,347.10278819322093,-2.5080347924547937,2.4246035304162206,3.4884008943741773
228.27808870464784,357.3453241258208,-2.6680315213641563,3.3806266263629823,4.306626125619346
228.27979079619428,367.58786005842074,-2.8280282502735474,4.33664972230963,5.177284481111064
228.28149288774068,377.8303959910207,-2.9880249791829385,5.292672818256392,6.07788440473585
228.28319497928715,388.0729319236206,-3.148021708092358,6.248695914203097,6.996873680637603
228.28489707083355,398.31546785622055,-3.308018437001749,7.204719010149859,7.927859862204821
228.28659916237996,408.55800378882043,-3.4680151659110834,8.160742106096563,8.867064954831822
228.28729549700714,418.80574329082197,-3.659422322850105,8.83788822725387,9.565544420178405
228.28799183163426,429.05348279282356,-3.850829479789155,9.515034348411177,10.264734109262536
228.2886881662614,439.3012222948251,-4.042236636728177,10.192180469568541,10.964498153201628
228.28938450088856,449.5489617968267,-4.233643793667255,10.869326590725677,11.664733186297642
228.29008083551568,459.79670129882817,-4.425050950606305,11.546472711883041,12.36535919420546
228.2907771701428,470.04444080082976,-4.616458107545327,12.223618833040348,13.066313283944314
228.29147350476995,480.2921803028313,-4.807865264484349,12.900764954197598,13.767545344210351
228.2921698393971,490.53991980483283,-4.999272421423399,13.577911075354848,14.469014960039555
228.29286617402425,500.78765930683437,-5.190679578362449,14.255057196512098,15.170689178842876
228.29356250865138,511.0353988088359,-5.382086735301442,14.932203317669519,15.872540866116184
228.29322114044072,521.2794746700018,-5.304050325473469,15.418552958386158,16.305358787396056
228.29287977223004,531.5235505311676,-5.2260139156454954,15.904902599103139,16.741479866889847
228.29253840401935,541.7676263923333,-5.147977505817522,16.39125223981989,17.18065256006895
228.29219703580867,552.0117022534993,-5.069941095989577,16.877601880536645,17.62264872131026
228.291855667598,562.2557781146652,-4.991904686161604,17.36395152125351,18.067261132450714
228.29151429938736,572.499853975831,-4.9138682763336305,17.850301161970265,18.514301310343715
228.29117293117667,582.7439298369968,-4.835831866505629,18.33665080268713,18.96359756219262
228.29083156296602,592.9880056981626,-4.7577954566776555,18.823000443403885,19.414993260363634
228.29049019475534,603.2320815593285,-4.679759046849711,19.30935008412075,19.868345311266
238.80991612672898,101.2240567194642,-0.26055055744788547,-30.671192929591925,30.672299592910147
238.81236289817724,111.46923413241745,-0.4870992263934397,-29.665282518236125,29.66928129468456
238.81480966962545,121.71441154537071,-0.7136478953388803,-28.65937210688037,28.668256013911172
238.8172564410737,131.959588958324,-0.9401965642844061,-27.653461695524584,27.669440061651727
238.81970321252194,142.20476637127723,-1.1667452332298751,-26.647551284168827,26.673081634518205
238.82214998397018,152.44994378423047,-1.3932939021754294,-25.641640872813042,25.679466788626193
238.82459675541844,162.69512119718374,-1.6198425711209268,-24.635730461457257,24.68892677547545
238.82704352686667,172.940298610137,-1.8463912400664242,-23.6298200501015,23.701847105480468
238.8294902983149,183.18547602309025,-2.0729399090119216,-22.623909638745687,22.71867881740715
238.83193706976317,193.43065343604349,-2.2994885779573906,-21.61799922738993,21.73995258310349
238.8343838412114,203.67583084899675,-2.5260372469029164,-20.612088816034174,20.766296480904387
238.83676870848444,213.92156224108,-2.5176994319857613,-18.641323897879772,18.81057593736792
238.83915357575748,224.16729363316333,-2.5093616170686914,-16.670558979725513,16.858363871435582
238.84153844303052,234.41302502524655,-2.5010238021515363,-14.69979406157114,14.911038378044994
238.84392331030352,244.65875641732987,-2.492685987234381,-12.729029143416795,12.970800529069468
238.8463081775766,254.90448780941307,-2.484348172317283,-10.758264225262508,11.04138736671526
238.8486930448496,265.1502192014964,-2.476010357400156,-8.787499307108078,9.129664361978364
238.8510779121226,275.39595059357964,-2.467672542483001,-6.816734388953819,7.249639681147617
238.85346277939564,285.6416819856629,-2.4593347275659028,-4.845969470799446,5.434312046076478
238.85584764666868,295.88741337774616,-2.4509969126487476,-2.875204552645073,3.7781195170831543
238.85823251394172,306.1331447698294,-2.4426590977316494,-0.9044396344907568,2.6047254212620894
238.85987197695894,316.37569996221634,-2.6429318127315753,0.04497206759418759,2.6433144068786647
238.86151143997614,326.6182551546033,-2.8432045277315012,0.9943837696791888,3.0120775335164107
238.86315090299337,336.8608103469901,-3.0434772427313703,1.9437954717640764,3.611245569477971
238.8647903660106,347.103365539377,-3.2437499577312963,2.8932071738490777,4.346557435384186
238.86642982902782,357.3459207317639,-3.444022672731222,3.842618875934022,5.160136819501123
238.86806929204505,367.58847592415077,-3.6442953877310913,4.792030578019023,6.0203360316270915
238.86970875506228,377.8310311165377,-3.844568102730989,5.741442280103968,6.9097657957634135
238.87134821807948,388.0735863089246,-4.044840817730943,6.690853982188912,7.818456641291525
238.87298768109667,398.3161415013115,-4.245113532730841,7.640265684273913,8.740403230519062
238.8746271441139,408.5586966936983,-4.445386247730738,8.589677386358858,9.67181557378129
238.8753494276509,418.806604744596,-4.753205562520407,9.191755923657013,10.348011407012399
238.87607171118782,429.0545127954936,-5.061024877310075,9.793834460955168,11.024208191854164
238.87679399472484,439.30242084639127,-5.368844192099715,10.39591299825338,11.700405763318484
238.8775162782618,449.55032889728886,-5.676663506889355,10.997991535551591,12.376603992473614
238.87823856179875,459.79823694818646,-5.984482821679052,11.600070072849803,13.052802777104898
238.8789608453357,470.0461449990841,-6.292302136468692,12.202148610147958,13.729002035135117
238.87968312887273,480.2940530499817,-6.600121451258332,12.804227147446227,14.405201699898523
238.8804054124097,490.54196110087935,-6.907940766048057,13.406305684744382,15.081401716685294
238.88112769594665,500.789869151777,-7.215760080837697,14.008384222042594,15.757602040176758
238.8818499794836,511.03777720267453,-7.523579395627365,14.610462759340749,16.433802632513007
238.88192846339382,521.2819424515837,-7.458829497628074,15.155153086052792,16.89120488705238
238.88200694730392,531.5261077004928,-7.3940795996288955,15.699843412764722,17.35388994752992
238.88208543121408,541.7702729494019,-7.329329701629547,16.24453373947665,17.821446357918997
238.88216391512427,552.0144381983112,-7.264579803630369,16.789224066188694,18.29350060726497
238.88224239903442,562.2586034472203,-7.199829905631077,17.333914392900624,18.769713339591178
238.88232088294455,572.5027686961295,-7.135080007631814,17.878604719612667,19.2497759320846
238.88239936685477,582.7469339450386,-7.07033010963255,18.423295046324597,19.73340741542385
238.8824778507649,592.9910991939478,-7.0055802116333155,18.967985373036527,20.220351708448494
238.88255633467506,603.2352644428568,-6.940830313634052,19.51267569974857,20.710375139195808
249.40193975105785,101.22076945820281,-0.9332341561583632,-31.61289593517516,31.626667788409748
249.40404191816384,111.46623106159035,-1.1787768567476178,-30.517526419347703,30.54028378443116
249.40614408526983,121.71169266497789,-1.4243195573368723,-29.42215690352026,29.456612212825444
249.40824625237585,131.95715426836543,-1.6698622579260984,-28.326787387692804,28.375963836810868
249.41034841948183,142.20261587175293,-1.9154049585154098,-27.231417871865332,27.298697688117873
249.41245058658782,152.44807747514048,-2.1609476591046075,-26.136048356037918,26.22523057009303
249.4145527536938,162.69353907852803,-2.406490359693919,-25.04067884021046,25.15604882786372
249.41665492079983,172.93900068191556,-2.652033060283145,-23.945309324383032,24.091723018356735
249.41875708790582,183.18446228530308,-2.8975757608723995,-22.849939808555547,23.0329263130981
249.4208592550118,193.42992388869064,-3.1431184614616257,-21.75457029272812,21.980457735998804
249.4229614221178,203.67538549207816,-3.3886611620508518,-20.65920077690066,20.935271701401074
249.42535395800277,213.92121145055413,-3.3515220777103707,-18.63421974077164,18.933220687055428
249.42774649388778,224.16703740903006,-3.314382993369918,-16.609238704642706,16.936704076488468
249.43013902977276,234.41286336750602,-3.2772439090294654,-14.584257668513715,14.947939636647982
249.43253156565777,244.65868932598198,-3.240104824688956,-12.559276632384723,12.970493776404103
249.43492410154275,254.90451528445794,-3.2029657403485032,-10.534295596255788,11.010466531584406
249.43731663742773,265.1503412429339,-3.1658266560080506,-8.509314560126825,9.079146033580333
249.43970917331274,275.39616720140987,-3.1286875716675695,-6.484333523997805,7.199671323855618
249.44210170919771,285.6419931598858,-3.091548487327117,-4.459352487868841,5.42618619847832
249.4444942450827,295.88781911836173,-3.0544094029866073,-2.434371451739821,3.905839367677433
249.4468867809677,306.1336450768377,-3.0172703186461263,-0.4093904156109147,3.0449171890507913
249.4484636154557,316.37621952901156,-3.25781901973653,0.5334098926123829,3.3011984004136803
249.45004044994374,326.6187939811854,-3.498367720826991,1.47621020083551,3.7970743036152257
249.45161728443173,336.86136843335925,-3.738916421917395,2.419010509058751,4.453213205430463
249.45319411891975,347.1039428855331,-3.9794651230078273,3.3618108172819916,5.209406361230607
249.45477095340777,357.3465173377069,-4.220013824098288,4.304611125505119,6.028116921344766
249.45634778789577,367.5890917898808,-4.460562525188777,5.2474114337283595,6.887085362905095
249.45792462238379,377.83166624205467,-4.701111226279181,6.1902117419516,7.772976789624655
249.4595014568718,388.0742406942285,-4.941659927369614,7.133012050174841,8.677549409004257
249.4610782913598,398.3168151464024,-5.1822086284600175,8.075812358397968,9.595521430174538
249.46265512584782,408.5593895985762,-5.42275732955045,9.018612666621152,10.52338688283067
249.46340335829464,418.8074661983699,-5.84698880219068,9.545623620060269,11.194025564951856
249.46415159074147,429.0555427981636,-6.271220274831023,10.072634573499386,11.86533484511528
249.4648998231882,439.3036193979573,-6.695451747471253,10.599645526938446,12.537207001539938
249.46564805563503,449.55169599775104,-7.119683220111568,11.126656480377505,13.209556146482173
249.46639628808185,459.7997725975447,-7.543914692751883,11.653667433816622,13.882312975492082
249.46714452052865,470.04784919733834,-7.96814616539217,12.180678387255796,14.55542095876359
249.46789275297544,480.2959257971321,-8.392377638032428,12.707689340694856,15.228833533759452
249.46864098542227,490.54400239692575,-8.816609110672744,13.234700294133916,15.902512005527491
249.4693892178691,500.79207899671945,-9.240840583313002,13.761711247572975,16.57642395535844
249.4701374503159,511.0401555965131,-9.665072055953289,14.288722201012092,17.25054202001969
249.4706357863469,521.2844102331657,-9.613608669782735,14.891753213719198,17.725286610772695
249.47113412237786,531.528664869818,-9.562145283612239,15.494784226426532,18.207771984743886
249.47163245840886,541.7729195064704,-9.510681897441685,16.097815239133524,18.697398900050363
249.47213079443986,552.0171741431229,-9.45921851127116,16.70084625184063,19.19362082494062
249.47262913047086,562.2614287797753,-9.407755125100607,17.303877264547737,19.695939299266456
249.4731274665018,572.5056834164279,-9.35629173893011,17.906908277254956,20.203899602650818
249.47362580253284,582.7499380530803,-9.304828352759557,18.509939289962063,20.71708674482007
249.4741241385638,592.9941926897328,-9.253364966589032,19.11297030266917,21.235121779627516
249.4746224745948,603.2384473263853,-9.201901580418507,19.71600131537639,21.75765843475883
259.9939633753868,101.21748219694142,-1.6059177548688695,-32.55459894075838,32.594184819213226
259.9957209381505,111.46322799076323,-1.8704544871018811,-31.369770320459253,31.42548472095038
259.99747850091427,121.70897378458506,-2.1349912193348928,-30.184941700160138,30.260351831211473
259.99923606367804,131.95471957840687,-2.3995279515678476,-29.000113079861052,29.099214646362597
260.00099362644175,142.2004653722287,-2.6640646838008593,-27.815284459561937,27.94257128837328
260.00275118920547,152.44621116605052,-2.928601416033871,-26.630455839262822,26.791003797187646
260.00450875196924,162.69195695987236,-3.1931381482668826,-25.445627218963693,25.64519595948495
260.006266314733,172.93770275369414,-3.4576748804998942,-24.260798598664564,24.505955688856627
260.0080238774967,183.18344854751598,-3.722211612732849,-23.075969978365492,23.37424329753562
260.00978144026044,193.4291943413378,-3.9867483449658607,-21.891141358066307,22.251207435214145
260.0115390030242,203.6749401351596,-4.251285077198872,-20.706312737767234,21.138231051860405
260.01393920752116,213.92086066002827,-4.185344723435037,-18.627115583663596,19.091530724935303
260.0163394120181,224.16678118489688,-4.11940436967123,-16.547918429560013,17.05294979504245
260.01873961651506,234.41270170976549,-4.0534640159073945,-14.468721275456403,15.025793352602081
260.021139821012,244.65862223463415,-3.9875236621435874,-12.389524121352792,13.015400605042386
260.02354002550896,254.90454275950276,-3.921583308379752,-10.310326967249125,11.030940930679813
260.0259402300059,265.1504632843714,-3.8556429546159166,-8.231129813145515,9.089415855506463
260.02834043450287,275.39638380924004,-3.789702600852138,-6.151932659041904,7.225518752608138
260.0307406389998,285.64230433410864,-3.7237622470883025,-4.0727355049383505,5.518476217763882
260.03314084349677,295.88822485897725,-3.657821893324467,-1.9935383508346831,4.16579598150611
260.0355410479937,306.1341453838459,-3.5918815395606316,0.08565880326892739,3.5929027853274738
260.03705525395253,316.3767390958067,-3.8727062267415704,1.0218477176303509,4.005249839481838
260.03856945991134,326.6193328077676,-4.153530913922538,1.9580366319918312,4.59191969715631
260.0400836658701,336.8619265197284,-4.434355601103476,2.8942255463533115,5.2952857439615
260.0415978718289,347.1045202316892,-4.715180288284444,3.830414460714678,6.074948567015056
260.0431120777877,357.34711394365,-4.996004975465382,4.7666033750761585,6.905112124372948
260.04462628374654,367.5897076556108,-5.276829662646321,5.702792289437639,7.76960560035408
260.0461404897053,377.83230136757163,-5.557654349827288,6.638981203799119,8.658151840696268
260.04765469566416,388.07489507953244,-5.838479037008227,7.575170118160543,9.564049340350401
260.0491689016229,398.31748879149325,-6.119303724189194,8.511359032522023,10.482800706365163
260.05068310758173,408.56008250345405,-6.400128411370133,9.447547946883446,11.411301673809557
260.05145728893837,418.8083276521438,-6.9407720418610666,9.899491316463468,12.090254127263655
260.052231470295,429.0565728008336,-7.481415672351943,10.351434686043433,12.771992034210497
260.05300565165163,439.30481794952334,-8.022059302842877,10.803378055623512,13.45609203561924
260.05377983300826,449.55306309821316,-8.562702933333753,11.25532142520342,14.142211351452982
260.05455401436495,459.80130824690286,-9.103346563824687,11.707264794783441,14.830069711106367
260.0553281957216,470.0495533955926,-9.643990194315563,12.159208164363406,15.519435880610366
260.0561023770782,480.2977985442824,-10.184633824806497,12.611151533943485,16.21011749363581
260.05687655843485,490.5460436929722,-10.725277455297402,13.06309490352345,16.901953288054344
260.0576507397915,500.79428884166197,-11.265921085788307,13.515038273103414,17.594807115585542
260.0584249211481,511.04253399035167,-11.806564716279212,13.966981642683436,18.28856327344347
260.05934310929996,521.2868780147475,-11.768387841937397,14.628353341385719,18.77454856657519
260.06026129745175,531.5312220391432,-11.73021096759561,15.289725040088001,19.27105448972096
260.0611794856036,541.7755660635389,-11.692034093253824,15.951096738790397,19.7772887021467
260.06209767375543,552.0199100879347,-11.65385721891198,16.61246843749268,20.292523146850844
260.0630158619073,562.2642541123305,-11.615680344570194,17.273840136194963,20.81608952032188
260.06393405005906,572.5085981367263,-11.577503470228379,17.935211834897245,21.347374783935106
260.0648522382109,582.7529421611221,-11.539326595886564,18.596583533599528,21.885816809264398
260.06577042636275,592.9972861855179,-11.501149721544778,19.25795523230181,22.430900219267397
260.06668861451453,603.2416302099135,-11.462972847202934,19.919326931004207,22.982152464030456
270.5860619237914,101.2199978749493,-2.1904922364300887,-31.060626241260522,31.13777061282876
270.5874859363981,111.46556556127621,-2.4625924816995166,-29.925802940520995,30.02695527964529
270.58890994900474,121.71113324760316,-2.7346927269689445,-28.79097963978147,28.92056453337742
270.5903339616114,131.9567009339301,-3.0067929722384292,-27.65615633904197,27.81912628799535
270.59175797421807,142.20226862025703,-3.2788932175078003,-26.521333038302487,26.7232529243798
270.59318198682473,152.44783630658395,-3.550993462777228,-25.386509737562932,25.63365817100759
270.5946059994314,162.69340399291093,-3.823093708046656,-24.251686436823434,24.551177986616274
270.59603001203806,172.93897167923785,-4.095193953316027,-23.116863136083907,23.476796518428817
270.5974540246447,183.18453936556477,-4.367294198585455,-21.98203983534441,22.411678516783756
270.5988780372514,193.43010705189172,-4.639394443854883,-20.847216534604854,21.35720997804661
270.60030204985804,203.67567473821865,-4.911494689124311,-19.712393233865356,20.315049276037627
270.602596609984,213.92156418939717,-4.865678326608645,-17.73651455228105,18.391812690469273
270.6048911701101,224.16745364057567,-4.819861964093036,-15.760635870696717,16.481162349834516
270.60718573023604,234.4133430917542,-4.774045601577484,-13.784757189112469,14.58804449433608
270.6094802903621,244.6592325429327,-4.728229239061761,-11.808878507528163,12.720289436277744
270.6117748504881,254.90512199411117,-4.682412876546152,-9.832999825943801,10.890953857374296
270.61406941061404,265.15101144528967,-4.636596514030487,-7.857121144359496,9.123178169424333
270.61636397074005,275.3969008964682,-4.590780151514878,-5.881242462775219,7.460849502938207
270.61865853086607,285.6427903476467,-4.544963788999269,-3.9053637811908857,5.992375330931146
270.6209530909921,295.88867979882525,-4.499147426483603,-1.929485099606552,4.895430554592489
270.6232476511181,306.1345692500037,-4.453331063967994,0.04639358197772481,4.453572715219885
270.6247270957855,316.37739498610244,-4.704203052635648,0.9728666998793756,4.80374811747668
270.6262065404529,326.6202207222013,-4.955075041303189,1.8993398177810263,5.306624200784738
270.6276859851204,336.86304645830006,-5.2059470299709005,2.825812935682677,5.9234367749081605
270.6291654297878,347.1058721943988,-5.456819018638441,3.752286053584271,6.622425871997151
270.63064487445524,357.3486979304975,-5.707691007306039,4.678759171485865,7.380279399836115
270.6321243191226,367.59152366659623,-5.958562995973637,5.605232289387516,8.180654130017889
270.6336037637901,377.834349402695,-6.209434984641291,6.531705407289223,9.01222826808656
270.6350832084575,388.0771751387938,-6.4603069733089455,7.458178525190817,9.867116757341106
270.636562653125,398.3200008748925,-6.711178961976486,8.384651643092468,10.739753546319813
270.6380420977924,408.56282661099124,-6.962050950644084,9.311124760994062,11.626142857980067
270.6389524928786,418.810815969657,-7.453692620964546,9.763818249578378,12.28371607041701
270.6398628879648,429.05880532832276,-7.945334291285008,10.216511738162637,12.942389620788132
270.640773283051,439.3067946869886,-8.436975961605526,10.669205226746953,13.602003659283216
270.64168367813716,449.5547840456544,-8.928617631925931,11.121898715331213,14.262427698369752
270.6425940732233,459.80277340432013,-9.420259302246393,11.574592203915529,14.923554201613698
270.6435044683095,470.050762762986,-9.911900972566855,12.027285692499845,15.585293773906965
270.6444148633957,480.29875212165166,-10.403542642887317,12.479979181084161,16.247571507233594
270.6453252584818,490.54674148031756,-10.895184313207835,12.93267266966842,16.910324171924042
270.64623565356806,500.79473083898336,-11.38682598352824,13.385366158252793,17.57349803453066
270.6471460486542,511.0427201976491,-11.878467653848702,13.838059646836996,18.237047145657883
270.6485285672604,521.2870620692154,-11.763958328024216,14.578529500098966,18.732971945976594
270.6499110858666,531.5314039407816,-11.64944900219973,15.318999353360937,19.245295613295347
270.6512936044728,541.7757458123479,-11.534939676375188,16.059469206622907,19.7727434752005
270.65267612307895,552.0200876839142,-11.420430350550703,16.799939059884764,20.314137486184872
270.65405864168514,562.2644295554805,-11.305921024726217,17.540408913146848,20.868392248991
270.6554411602914,572.5087714270469,-11.191411698901788,18.28087876640882,21.434510124713665
270.6568236788975,582.7531132986131,-11.07690237307719,19.021348619670675,22.01157580669159
270.6582061975037,592.9974551701795,-10.962393047252704,19.76181847293276,22.59875064421927
270.65958871610997,603.2417970417457,-10.847883721428218,20.50228832619473,23.195266927630904
281.17816047219605,101.2225135529572,-2.775066717991365,-29.566653541762648,29.69659908049959
281.17925093464567,111.46790313178924,-3.054730476297209,-28.481835560582724,28.64517996422598
281.1803413970953,121.71329271062127,-3.33439423460311,-27.397017579402828,27.59918037112447
281.18143185954483,131.95868228945332,-3.614057992908954,-26.312199598222904,26.559240630575843
281.18252232199444,142.20407186828538,-3.8937217512146844,-25.227381617042994,25.526101393040832
281.183612784444,152.44946144711741,-4.173385509520585,-24.142563635863098,24.50062296193253
281.1847032468936,162.69485102594948,-4.453049267826373,-23.057745654683202,23.483808942710954
281.18579370934316,172.9402406047815,-4.732713026132274,-21.972927673503307,22.476835256163834
281.18688417179277,183.18563018361357,-5.012376784438118,-20.88810969232341,21.481085809327922
281.1879746342423,193.4310197624456,-5.292040542743905,-19.80329171114346,20.498196401212677
281.18906509669193,203.67640934127766,-5.571704301049749,-18.718473729963563,19.530108745157367
281.19125401244696,213.92226771876608,-5.54601192978231,-16.845913520898534,17.735361588613856
281.19344292820205,224.16812609625444,-5.5203195585148706,-14.973353311833506,15.958547472408547
281.19563184395713,234.41398447374283,-5.494627187247488,-13.100793102768534,14.206396722898697
281.19782075971216,244.65984285123125,-5.468934815979992,-11.228232893703506,12.489293892637946
281.2000096754672,254.90570122871964,-5.4432424447126095,-9.355672684638478,10.823931803832258
281.20219859122227,265.151559606208,-5.417550073445113,-7.4831124755735345,9.23833432607683
281.2043875069773,275.3974179836964,-5.391857702177674,-5.610552266508421,7.781415437807924
281.2065764227324,285.6432763611848,-5.366165330910292,-3.7379920574434777,6.539748846872797
281.2087653384874,295.8891347386732,-5.340472959642852,-1.865431848378421,5.656897331012913
281.2109542542425,306.1349931161616,-5.314780588375356,0.007128360686522228,5.314785368770556
281.2123989376185,316.3780508763983,-5.535699878529613,0.9238856821284003,5.612266734466086
281.2138436209946,326.621108636635,-5.756619168683869,1.8406430035701078,6.043726575536831
281.21528830437063,336.86416639687167,-5.977538458838126,2.757400325011929,6.582873428774456
281.2167329877467,347.10722415710836,-6.198457748992382,3.67415764645375,7.2055751246544
281.21817767112276,357.350281917345,-6.419377039146752,4.590914967895628,7.892078421630935
281.2196223544988,367.59333967758164,-6.640296329300895,5.507672289337393,8.627165779539764
281.2210670378749,377.8363974378184,-6.8612156194552085,6.424429610779214,9.399445494310443
281.22251172125095,388.07945519805514,-7.082134909609465,7.341186932220978,10.200473540562767
281.223956404627,398.3225129582917,-7.3030541997637215,8.257944253662856,11.02398493927173
281.2254010880031,408.5655707185284,-7.523973489917978,9.174701575104677,11.865299240609852
281.2264476968188,418.8133042871702,-7.966613200068025,9.628145182693231,12.496723792199177
281.22749430563454,429.06103785581206,-8.409252910218072,10.081588790281899,13.128364979857498
281.2285409144502,439.3087714244538,-8.851892620368062,10.535032397870452,13.760192970547564
281.22958752326593,449.5565049930957,-9.29453233051811,10.98847600545912,14.392183161897197
281.23063413208166,459.80423856173746,-9.737172040668213,11.44191961304756,15.024315085254742
281.2316807408974,470.05197213037934,-10.179811750818146,11.89536322063617,15.656571573398786
281.23272734971306,480.2997056990211,-10.622451460968193,12.348806828224781,16.288938121358196
281.2337739585288,490.54743926766287,-11.065091171118183,12.802250435813448,16.921402390063395
281.2348205673445,500.7951728363047,-11.50773088126823,13.255694043401945,17.553953816960334
281.23586717616024,511.04290640494645,-11.95037059141822,13.709137650990556,18.186583307648537
281.2377140252208,521.2872461236833,-11.759528814111093,14.528705658812214,18.691436703750494
281.2395608742814,531.5315858424201,-11.568687036803794,15.348273666633872,19.219886167753412
281.2414077233419,541.7759255611569,-11.377845259496667,16.167841674455417,19.770039634742975
281.2432545724025,552.0202652798938,-11.187003482189425,16.98740968227719,20.34013605225007
281.24510142146306,562.2646049986306,-10.996161704882297,17.806977690098734,20.92854573771417
281.24694827052366,572.5089447173674,-10.805319927574999,18.626545697920164,21.533767514625897
281.2487951195842,582.7532844361042,-10.614478150267814,19.446113705741823,22.154423591218816
281.2506419686448,592.9976241548411,-10.42363637296063,20.265681713563595,22.789252961674144
281.25248881770534,603.2419638735779,-10.232794595653445,21.08524972138514,23.4371039390537
291.7702590206007,101.22502923096506,-3.359641199552698,-28.072680842264788,28.273001231941972
291.77101593289314,111.47024070230222,-3.6468684708949013,-27.03786818064451,27.282704510328813
291.77177284518575,121.71545217363938,-3.9340957422372185,-26.003055519024173,26.29897347111751
291.7725297574782,131.96066364497653,-4.221323013579422,-24.96824285740385,25.32257331653467
291.7732866697707,142.20587511631373,-4.508550284921739,-23.93343019578353,24.354385777681003
291.7740435820632,152.45108658765088,-4.7957775562639995,-22.898617534163236,23.39543048001155
291.77480049435565,162.69629805898805,-5.083004827606203,-21.863804872542943,22.446890688514088
291.7755574066482,172.9415095303252,-5.370232098948463,-20.82899221092262,21.510144335156184
291.7763143189407,183.18672100166236,-5.6574593702907805,-19.7941795493023,20.58680136778194
291.7770712312332,193.43193247299953,-5.944686641632984,-18.759366887682035,19.678748570319982
291.7778281435257,203.67714394433668,-6.231913912975244,-17.724554226061713,18.788203041572032
291.7799114149098,213.92297124813498,-6.226345532955975,-15.955312489516075,17.127153159059112
291.78199468629396,224.16879855193326,-6.220777152936762,-14.186070752970323,15.490083014457348
291.78407795767805,234.41462585573152,-6.215208772917492,-12.4168290164246,13.885476690199528
291.7861612290622,244.66045315952982,-6.2096403928982795,-10.647587279878906,12.326019174565362
291.78824450044624,254.90628046332807,-6.20407201287901,-8.878345543333182,10.831229345176512
291.7903277718304,265.1521077671263,-6.198503632859797,-7.109103806787459,9.431903531220835
291.7924110432145,275.39793507092463,-6.1929352528405275,-5.339862070241793,8.177198418473282
291.79449431459864,285.6437623747229,-6.187366872821258,-3.5706203336961266,7.143727205478254
291.79657758598273,295.88958967852113,-6.181798492802045,-1.8013785971503466,6.438912754175272
291.7986608573668,306.13541698231944,-6.1762301127827754,-0.03213686060468035,6.176313721294787
291.80007077945146,316.3787067666941,-6.367196704423691,0.8749046643773681,6.427025131783226
291.8014807015362,326.62199655106866,-6.558163296064606,1.7819461893593598,6.7959427631213405
291.8028906236209,336.86528633544333,-6.7491298877055215,2.6889877143412946,7.265081497753371
291.8043005457056,347.10857611981794,-6.940096479346437,3.596029239323343,7.81641640604601
291.8057104677903,357.3518659041925,-7.131063070987409,4.503070764305335,8.433842945581913
291.80712038987497,367.5951556885671,-7.322029662628324,5.410112289287326,9.103924064001568
291.8085303119596,377.8384454729417,-7.51299625426924,6.317153814269375,9.815882284838269
291.8099402340443,388.0817352573163,-7.703962845910155,7.2241953392513665,10.56125190641835
291.81135015612904,398.325025041691,-7.894929437551127,8.131236864233358,11.333442714646724
291.81276007821367,408.56831482606555,-8.085896029191986,9.038278389215293,12.12733238745681
291.81394290075895,418.8157926046834,-8.479533779171618,9.492472115808255,12.728296036057213
291.8151257233042,429.06327038330124,-8.873171529151193,9.946665842401046,13.329266085052359
291.81630854584955,439.31074816191904,-9.266809279130769,10.400859568993951,13.930241706076645
291.8174913683947,449.5582259405369,-9.660447029110344,10.8550532955868,14.531222207793697
291.81867419094,459.8057037191547,-10.05408477908992,11.309247022179761,15.132207008688766
291.81985701348526,470.0531814977726,-10.447722529069495,11.763440748772553,15.733195616094934
291.82103983603054,480.3006592763904,-10.84136027904907,12.217634475365514,16.334187609850172
291.8222226585758,490.54813705500817,-11.234998029028645,12.671828201958363,16.93518262943228
291.82340548112103,500.7956148336261,-11.62863577900822,13.126021928551268,17.53618036374053
291.8245883036663,511.0430926122438,-12.022273528987796,13.58021565514423,18.137180542907576
291.82689948318125,521.2874301781512,-11.755099300197912,14.478881817525462,18.649943116357832
291.8292106626962,531.5317677440585,-11.487925071407972,15.377547979906694,19.194827540788594
291.83152184221115,541.7761053099659,-11.220750842618145,16.276214142287927,19.76917793631615
291.83383302172604,552.0204428758732,-10.953576613828204,17.17488030466916,20.37050205848439
291.836144201241,562.2647804417805,-10.686402385038377,18.073546467050505,20.996482510925198
291.83845538075593,572.5091180076879,-10.419228156248437,18.972212629431738,21.64498019006553
291.8407665602709,582.7534555735954,-10.15205392745861,19.87087879181297,22.314031973288696
291.84307773978577,592.9977931395027,-9.88487969866867,20.769544954194316,23.001844366516583
291.8453889193007,603.2421307054101,-9.617705469878842,21.66821111657555,23.706784503551418
302.3623575690053,101.22754490897296,-3.944215681113917,-26.578708142766914,26.86977044705684
302.3627809311407,111.47257827281521,-4.2390064654926505,-25.593900800706223,25.942569919167205
302.36320429327617,121.7176116366575,-4.533797249871327,-24.609093458645518,25.023245160436137
302.3636276554116,131.9626450004998,-4.828588034249947,-23.6242861165848,24.112697006406457
302.36405101754707,142.20767836434206,-5.123378818628623,-22.63947877452408,23.21195833404193
302.3644743796825,152.45271172818434,-5.4181696030073,-21.654671432463402,22.322216661767687
302.3648977418179,162.69774509202662,-5.7129603873859764,-20.66986409040271,21.44484082252794
302.36532110395336,172.9427784558689,-6.007751171764653,-19.685056748341964,20.581412325865372
302.3657444660887,183.18781181971116,-6.30254195614333,-18.700249406281273,19.73376200743462
302.3661678282242,193.43284518355347,-6.597332740522006,-17.71544206422061,18.904012452913815
302.3665911903596,203.67787854739572,-6.892123524900683,-16.730634722159863,18.094626409208637
302.36856881737276,213.92367477750392,-6.90667913612964,-15.064711458133473,16.572499751282738
302.3705464443859,224.16947100761206,-6.9212347473585965,-13.398788194107084,15.080816141661145
302.37252407139914,234.41526723772017,-6.935790358587553,-11.732864930080694,13.62957473165592
302.37450169841225,244.66106346782834,-6.95034596981651,-10.066941666054248,12.233177167354508
302.3764793254254,254.90685969793648,-6.964901581045467,-8.401018402027859,10.912697385379124
302.37845695243857,265.1526559280446,-6.979457192274367,-6.735095138001498,9.699192194029449
302.38043457945173,275.3984521581528,-6.994012803503267,-5.069171873975051,8.63786539507692
302.3824122064649,285.6442483882609,-7.008568414732224,-3.4032486099487187,7.7911573161565695
302.38438983347805,295.8900446183691,-7.023124025961181,-1.7373253459222724,7.234816545125185
302.3863674604912,306.13584084847724,-7.037679637190138,-0.07140208189588293,7.038041839391108
302.38774262128453,316.3793626569898,-7.198693530317712,0.825923646626336,7.245918741850106
302.38911778207785,326.62288446550235,-7.359707423445343,1.723249375148498,7.558761920292647
302.39049294287116,336.86640627401493,-7.52072131657286,2.620575103670774,7.964211385663524
302.3918681036645,347.1099280825275,-7.6817352097004346,3.5179008321928222,8.448945620436572
302.3932432644578,357.35344989104,-7.842749102828009,4.415226560715041,9.000163280316258
302.3946184252511,367.59697169955257,-8.00376299595564,5.312552289237203,9.606426698898412
302.3959935860444,377.84049350806515,-8.164776889083157,6.209878017759365,10.257980631876695
302.39736874683774,388.0840153165776,-8.325790782210788,7.107203746281584,10.946740941499671
302.398743907631,398.32753712509026,-8.486804675338306,8.004529474803803,11.66611956523449
302.4001190684244,408.5710589336028,-8.647818568465937,8.901855203325908,12.410793369244562
302.40143810469914,418.8182809221966,-8.99245435827504,9.356799048923165,12.977439031934969
302.40275714097396,429.0655029107904,-9.3370901480842,9.811742894520364,13.544428783142607
302.4040761772487,439.3127248993843,-9.681725937893304,10.26668674011745,14.111721147903237
302.40539521352355,449.5599468879782,-10.026361727702522,10.721630585714593,14.679281042042508
302.40671424979837,459.80716887657195,-10.370997517511626,11.176574431311849,15.24707858990981
302.4080332860732,470.05439086516583,-10.715633307320786,11.631518276909048,15.815088194601756
302.40935232234796,480.30161285375965,-11.06026909712989,12.086462122506191,16.38328780006331
302.4106713586227,490.5488348423535,-11.40490488693905,12.541405968103277,16.95165830049977
302.41199039489754,500.7960568309474,-11.749540676748211,12.99634981370059,17.52018306395901
302.41330943117237,511.04327881954123,-12.094176466557371,13.45129365929779,18.088847545183608
302.41608494114166,521.2876142326191,-11.750669786284732,14.429057976238596,18.60849146244691
302.41886045111096,531.531949645697,-11.407163106012206,15.406822293179516,19.17012110814064
302.42163596108026,541.7762850587749,-11.063656425739566,16.38458661012055,19.770158620793865
302.42441147104955,552.0206204718528,-10.720149745466983,17.36235092706147,20.405216006689763
302.42718698101885,562.2649558849306,-10.3766430651944,18.340115244002277,21.072127288570837
302.4299624909882,572.5092912980086,-10.033136384921818,19.317879560943197,21.767964912906972
302.4327380009575,582.7536267110863,-9.689629704649235,20.295643877884118,22.490044113587594
302.4355135109268,592.9979621241644,-9.346123024376652,21.273408194825038,23.23591857040372
302.43828902089615,603.2422975372422,-9.00261634410407,22.251172511765958,24.003370163114568
312.95445611740996,101.23006058698084,-4.528790162675193,-25.084735443269054,25.490270547727466
312.9545459293883,111.47491584332823,-4.831144460090286,-24.149933420767937,24.62842343760122
312.95463574136664,121.71977109967563,-5.133498757505436,-23.215131398266863,23.775936055855
312.95472555334504,131.96462635602302,-5.4358530549204715,-22.28032937576576,22.93385217374741
312.9548153653233,142.2094816123704,-5.738207352335564,-21.345527353264657,22.10336086678602
312.95490517730167,152.4543368687178,-6.040561649750657,-20.41072533076354,21.285819072150144
312.95499498928,162.6991921250652,-6.342915947165807,-19.475923308262452,20.482777434277093
312.9550848012584,172.9440473814126,-6.6452702445808995,-18.541121285761307,19.696009625221635
312.9551746132367,183.18890263775998,-6.9476245419959355,-17.606319263260247,18.927545133386765
312.95526442521503,193.43375789410737,-7.249978839411028,-16.6715172407591,18.17970517585023
312.95535423719343,203.67861315045474,-7.552333136826178,-15.736715218258013,17.455140837877995
312.9572262198356,213.9243783068728,-7.587012739303248,-14.174110426750929,16.07694525387454
312.95909820247783,224.1701434632908,-7.621692341780431,-12.611505635243816,14.735680118017662
312.9609701851201,234.41590861970886,-7.6563719442575575,-11.04890084373676,13.442404591572936
312.9628421677623,244.66167377612692,-7.691051546734684,-9.486296052229676,12.212374326275718
312.96471415040446,254.90743893254492,-7.725731149211811,-7.923691260722535,11.06669801635304
312.9665861330467,265.153204088963,-7.760410751688937,-6.361086469215479,10.034310943147293
312.9684581156889,275.398969245381,-7.7950903541661205,-4.7984816777083665,9.153625513473695
312.97033009833115,285.644734401799,-7.829769956643247,-3.2358768862013108,8.47208337993702
312.9722020809734,295.890499558217,-7.864449559120374,-1.6732720946941981,8.04048545616687
312.9740740636156,306.1362647146351,-7.8991291615975,-0.11066730318708551,7.899904351547222
312.97541446311754,316.38001854728554,-8.030190356211733,0.776942628875247,8.067688454914425
312.97675486261943,326.6237723799361,-8.161251550825966,1.6645525609376364,8.329271402948956
312.97809526212137,336.86752621258654,-8.2923127454402,2.5521624930000257,8.676173353435606
312.97943566162337,347.1112800452371,-8.42337394005449,3.4397724250623583,9.098640715524954
312.9807760611253,357.35503387788754,-8.554435134668665,4.327382357124748,9.586688611716156
312.98211646062725,367.59878771053803,-8.685496329282955,5.21499228918708,10.130843551366707
312.9834568601292,377.8425415431885,-8.816557523897188,6.1026022212494695,10.722566877524574
312.98479725963114,388.086295375839,-8.947618718511421,6.990212153311859,11.354424101651514
312.986137659133,398.33004920848947,-9.078679913125654,7.877822085374191,12.020087760653023
312.987478058635,408.57380304113997,-9.209741107739887,8.765432017436524,12.71424908218709
312.98893330863933,418.82076923970976,-9.505374937378576,9.221125982038075,13.243161143653067
312.99038855864364,429.0677354382797,-9.801008767017265,9.676819946639512,13.773184712724563
312.991843808648,439.3147016368495,-10.096642596656011,10.132513911241062,14.30419623348695
312.9932990586524,449.5616678354194,-10.392276426294643,10.588207875842443,14.836089624377824
312.99475430865675,459.8086340339893,-10.687910255933389,11.043901840443937,15.368773324512503
312.99620955866106,470.05560023255913,-10.983544085572078,11.49959580504543,15.902167913813631
312.9976648086654,480.302566431129,-11.279177915210767,11.955289769646868,16.436204182207074
312.99912005866975,490.5495326296989,-11.574811744849512,12.410983734248362,16.970821552903196
313.00057530867406,500.7964988282688,-11.870445574488201,12.866677698849799,17.505966786869134
313.0020305586784,511.0434650268386,-12.16607940412689,13.32237166345135,18.041592912119814
313.00527039910213,521.2877982870871,-11.746240272371494,14.379234134951844,18.567082022871723
313.0085102395258,531.5321315473354,-11.326401140616326,15.436096606452452,19.1457682332647
313.0117500799494,541.7764648075838,-10.906562008861044,16.49295907795306,19.772981414044907
313.0149899203731,552.0207980678322,-10.486722877105763,17.549821549453554,20.44425574871528
313.01822976079677,562.2651313280807,-10.06688374535048,18.606684020954162,21.15539738690892
313.0214696012205,572.509464588329,-9.647044613595199,19.663546492454657,21.902523380597543
313.0247094416441,582.7537978485775,-9.227205481839917,20.720408963955265,22.682078137544064
313.0279492820678,592.9981311088259,-8.807366350084635,21.777271435455873,23.49083338662393
313.03118912249147,603.2424643690742,-8.387527218329296,22.83413390695648,24.32587684173038
323.5465546658146,101.23257626498872,-5.113364644236526,-23.590762743771194,24.138570479998005
323.5463109276359,111.47725341384123,-5.423282454688035,-22.705966040829665,23.344654343781514
323.5460671894571,121.72193056269373,-5.733200265139487,-21.821169337888207,22.561760049982535
323.5458234512784,131.96660771154626,-6.0431180755909395,-20.936372634946665,21.791075585773125
323.5455797130997,142.21128486039873,-6.353035886042562,-20.051575932005164,21.033943099816387
323.54533597492093,152.45596200925127,-6.662953696494014,-19.16677922906368,20.291879606810458
323.54509223674216,162.70063915810377,-6.97287150694558,-18.281982526122192,19.56659965701273
323.5448484985635,172.94531630695627,-7.282789317397089,-17.397185823180706,18.8600396290112
323.5446047603847,183.18999345580875,-7.592707127848598,-16.512389120239163,18.174382960295393
323.544361022206,193.43467060466128,-7.902624938300107,-15.627592417297706,17.51208513217725
323.54411728402727,203.67934775351378,-8.212542748751616,-14.742795714356163,16.875896535452902
323.54588362229856,213.9250818362417,-8.267346342476912,-13.283509395368412,15.646106141890616
323.5476499605698,224.1708159189696,-8.322149936202322,-11.824223076380576,14.459267993942268
323.5494162988411,234.41655000169752,-8.376953529927562,-10.364936757392798,13.326862512509017
323.55118263711233,244.66228408442547,-8.431757123652972,-8.90565043840499,12.263977247342545
323.55294897538363,254.90801816715333,-8.486560717378268,-7.446364119417211,11.290263566838995
323.55471531365487,265.1537522498813,-8.54136431110362,-5.987077800429461,10.430724082411054
323.5564816519261,275.39948633260923,-8.596167904828917,-4.527791481441625,9.71570884431116
323.5582479901974,285.6452204153371,-8.650971498554213,-3.068505162453846,9.179053970905892
323.5600143284687,295.890954498065,-8.705775092279623,-1.609218843466067,8.85325393533488
323.56178066673993,306.1366885807929,-8.76057868600492,-0.1499325244782881,8.761861598746018
323.56308630495056,316.3806744375813,-8.861687182105754,0.7279616111242717,8.89153686495018
323.5643919431611,326.62466029436973,-8.962795678206703,1.6058557467268315,9.1055191531607
323.5656975813717,336.86864615115826,-9.063904174307595,2.4837498823293345,9.3980515192779
323.56700321958226,347.1126320079466,-9.16501267040843,3.361644017931951,9.762074971646383
323.56830885779283,357.35661786473503,-9.266121166509379,4.239538153534511,10.189930580122121
323.5696144960034,367.6006037215235,-9.36722966261027,5.117432289137014,10.673945136920455
323.5709201342139,377.84458957831185,-9.46833815871122,5.995326424739574,11.206844624018286
323.57222577242453,388.0885754351003,-9.569446654812054,6.873220560342077,11.781997714751206
323.5735314106351,398.33256129188874,-9.670555150913003,7.751114695944636,12.393523145439271
323.57483704884567,408.57654714867715,-9.771663647013895,8.62900883154714,13.036303304437627
323.5764285125795,418.82325755722303,-10.018295516482112,9.085452915152928,13.524485192754158
323.5780199763134,429.0699679657689,-10.264927385950443,9.541896998758716,14.014868268155645
323.5796114400473,439.31667837431485,-10.51155925541866,9.998341082364448,14.507229314361663
323.5812029037812,449.5633887828608,-10.758191124886821,10.45478516597018,15.001373575315817
323.5827943675151,459.81009919140655,-11.004822994355152,10.911229249575968,15.497130472248402
323.584385831249,470.0568095999525,-11.25145486382337,11.367673333181699,15.994350051270757
323.58597729498285,480.30352000849837,-11.498086733291643,11.824117416787544,16.492900024321855
323.58756875871677,490.55023041704425,-11.744718602759917,12.28056150039339,16.9926632939913
323.58916022245063,500.7969408255902,-11.991350472228191,12.737005583999064,17.49353587456323
323.5907516861845,511.043651234136,-12.237982341696465,13.19344966760491,17.995425138831777
323.59445585706254,521.287982341555,-11.741810758458485,14.329410293665092,18.525715080710018
323.5981600279406,531.5323134489738,-11.245639175220447,15.465370919725274,19.121770267000304
323.60186419881865,541.7766445563929,-10.749467591982523,16.601331545785456,19.777645527316285
323.60556836969664,552.0209756638118,-10.253296008744485,17.737292171845752,20.487596555778723
323.6092725405747,562.2653067712307,-9.75712442550656,18.873252797906048,21.246203148527155
323.61297671145275,572.5096378786498,-9.26095284226858,20.00921342396623,22.04844369547549
323.6166808823308,582.7539689860685,-8.764781259030599,21.145174050026412,22.88973080061372
323.6203850532088,592.9983000934876,-8.268609675792618,22.281134676086594,23.76591821126463
323.62408922408684,603.2426312009065,-7.772438092554637,23.41709530214689,24.673288112702455
334.1386532142193,101.2350919429966,-5.697939125797745,-22.09679004427332,22.819610876217702
334.13807592588347,111.47959098435422,-6.0154204492857275,-21.26199866089142,22.09655788210991
334.1374986375476,121.72409002571185,-6.332901772773653,-20.427207277509524,21.386361121563848
334.1369213492118,131.96858906706947,-6.650383096261521,-19.59241589412764,20.69034450886467
334.136344060876,142.2130881084271,-6.96786441974956,-18.7576245107457,20.009987802548498
334.1357667725402,152.4575871497847,-7.2853457432374285,-17.922833127363845,19.34694316707005
334.1351894842044,162.7020861911423,-7.602827066725354,-17.088041743981933,18.70305189135187
334.13461219586856,172.94658523249996,-7.920308390213336,-16.25325036060005,18.08036040239324
334.13403490753274,183.19108427385757,-8.237789713701261,-15.418458977218137,17.481134305282392
334.1334576191969,193.43558331521518,-8.55527103718913,-14.583667593836253,16.907868671339887
334.1328803308611,203.6800823565728,-8.872752360677111,-13.74887621045437,16.363292196385768
334.1345410247614,213.9257853656106,-8.947679945650577,-12.392908363985839,15.285455640181214
334.1362017186617,224.1714883746484,-9.0226075306241,-11.036940517517365,14.255577948259102
334.1378624125621,234.4171913836862,-9.097535115597623,-9.680972671048892,13.284817538721688
334.1395231064624,244.662894392724,-9.172462700571145,-8.32500482458039,12.38708106547526
334.1411838003627,254.90859740176177,-9.247390285544668,-6.969036978111944,11.579365418513984
334.14284449426304,265.1543004107996,-9.322317870518248,-5.613069131643442,10.881734951541153
334.14450518816335,275.4000034198374,-9.397245455491714,-4.25710128517494,10.316546588030212
334.14616588206366,285.64570642887514,-9.472173040465236,-2.901133438706495,9.90649470487404
334.147826575964,295.89140943791296,-9.547100625438759,-1.5451655922379928,9.671332227758972
334.1494872698643,306.1371124469507,-9.622028210412225,-0.18919774576949067,9.623888126374544
334.1507581467835,316.3813303278771,-9.693184007999832,0.6789805933732964,9.71693526062211
334.1520290237027,326.6255482088034,-9.764339805587383,1.5471589325159698,9.88615357970137
334.1532999006219,336.8697660897298,-9.835495603174934,2.415337271658643,10.127725702048652
334.15457077754115,347.1139839706562,-9.906651400762485,3.2835156108013734,10.436628609977728
334.15584165446035,357.3582018515825,-9.977807198350035,4.151693949944104,10.807090225469956
334.15711253137954,367.6024197325089,-10.04896299593753,5.019872289086834,11.233021636784274
334.15838340829873,377.84663761343523,-10.120118793525137,5.888050628229564,11.70837070627913
334.1596542852179,388.0908554943616,-10.191274591112688,6.756228967372294,12.22737533778282
334.1609251621371,398.33507337528795,-10.262430388700238,7.6244073065150815,12.784719952292997
334.1621960390563,408.5792912562143,-10.33358618628779,8.492585645657755,13.375612674500932
334.1639237165198,418.8257458747362,-10.531216095585592,8.94977984826778,13.820458450586257
334.1656513939832,429.0722004932581,-10.72884600488345,9.40697405087792,14.26882256496289
334.1673790714466,439.31865511178,-10.926475914181253,9.864168253487946,14.720383528845385
334.16910674891005,449.56510973030197,-11.124105823479056,10.321362456097972,15.17485595721124
334.17083442637346,459.8115643488238,-11.321735732776858,10.778556658708055,15.631985915033832
334.17256210383687,470.05801896734573,-11.51936564207466,11.235750861318081,16.091546917975915
334.17428978130033,480.30447358586764,-11.71699555137252,11.692945063928278,16.553336492046796
334.17601745876374,490.5509282043895,-11.91462546067038,12.15013926653836,17.017173210152507
334.17774513622714,500.79738282291146,-12.112255369968125,12.607333469148386,17.482894135400773
334.1794728136906,511.0438374414333,-12.309885279265984,13.06452767175847,17.950352611434464
334.183641315023,521.2881663960228,-11.737381244545304,14.279586452378226,18.48439092128133
334.1878098163554,531.5324953506123,-11.164877209824624,15.49464523299821,19.098128547240837
334.1919783176878,541.7768243052018,-10.592373175103944,16.70970401361808,19.78414965833472
334.1961468190202,552.0211532597913,-10.019869140383264,17.92476279423795,20.535211194923267
334.2003153203526,562.2654822143807,-9.447365105662584,19.13982157485782,21.344448396645998
334.204483821685,572.5098111689701,-8.874861070941904,20.354880355477803,22.20550187035493
334.2086523230174,582.7541401235596,-8.30235703622128,21.56993913609756,23.112581134348584
334.2128208243498,592.9984690781491,-7.729853001500544,22.78499791671743,24.060481239776244
334.2169893256822,603.2427980327386,-7.157348966779921,24.000056697337413,25.044567588754173
344.73075176262387,101.2376076210045,-6.2825136073590215,-20.60281734477546,21.539407135964346
344.729840924131,111.48192855486722,-6.607558443883363,-19.81803128095315,20.890528773637396
344.72893008563807,121.72624948872996,-6.9326032804077045,-19.03324521713087,20.25649060767819
344.7280192471452,131.97057042259271,-7.257648116932046,-18.248459153308545,19.63873004191406
344.72710840865227,142.21489135645544,-7.582692953456387,-17.463673089486292,19.038831639647558
344.72619757015934,152.4592122903182,-7.907737789980786,-16.678887025663983,18.458537032223127
344.72528673166653,162.70353322418094,-8.232782626505127,-15.894100961841673,17.899752935739116
344.7243758931736,172.94785415804364,-8.557827463029469,-15.10931489801942,17.36455607190961
344.7234650546807,183.1921750919064,-8.88287229955381,-14.324528834197082,16.855193461124202
344.7225542161878,193.43649602576912,-9.207917136078152,-13.5397427703748,16.374076226547817
344.72164337769493,203.68081695963184,-9.53296197260255,-12.75495670655252,15.923764773354177
344.7231984272243,213.9264888949795,-9.628013548824242,-11.502307332603294,15.00005729555733
344.7247534767537,224.1721608303272,-9.723065125045935,-10.249657958654183,14.12775579118239
344.72630852628305,234.41783276567486,-9.818116701267684,-8.997008584704957,13.316965834339523
344.7278635758124,244.66350470102253,-9.91316827748932,-7.744359210755789,12.57958683276357
344.7294186253418,254.9091766363702,-10.008219853711125,-6.491709836806649,11.929239759746208
344.73097367487117,265.1548485717179,-10.10327142993276,-5.239060462857424,11.380854454757403
344.73252872440054,275.4005205070656,-10.19832300615451,-3.986411088908312,10.949760979474918
344.7340837739299,285.6461924424132,-10.29337458237626,-2.733761714959087,10.65021189494771
344.73563882345934,295.8918643777609,-10.388426158597952,-1.4811123410098617,10.493478537612488
344.7371938729887,306.13753631310857,-10.483477734819644,-0.22846296706069325,10.485966848306235
344.73842998861653,316.38198621817287,-10.524680833893854,0.6299995756221506,10.543519626795252
344.73966610424435,326.62643612323717,-10.565883932968063,1.488462118305165,10.670211936160507
344.74090221987217,336.87088602830147,-10.607087032042273,2.346924660988009,10.86362511639982
344.7421383355,347.11533593336577,-10.64829013111654,3.2053872036709663,11.12027831674601
344.7433744511278,357.35978583843007,-10.689493230190692,4.063849746353867,11.435914492476455
344.7446105667557,367.6042357434943,-10.730696329264902,4.922312289036768,11.805803741452829
344.7458466823835,377.8486856485586,-10.771899428339111,5.780774831719668,12.225022492793052
344.7470827980113,388.0931355536229,-10.81310252741332,6.639237374402569,12.688682326467799
344.74831891363914,398.3375854586872,-10.854305626487474,7.49769991708547,13.192098190957385
344.74955502926696,408.5820353637515,-10.89550872556174,8.356162459768427,13.730898056676233
344.75141892045997,418.8282341922494,-11.044136674689128,8.814106781382748,14.13016041107923
344.75328281165287,429.0744330207474,-11.192764623816515,9.272051102997125,14.53440441093988
344.7551467028459,439.3206318492453,-11.341392572943846,9.729995424611388,14.943225771451905
344.75701059403883,449.5668306777432,-11.490020522071234,10.187939746225823,15.356258915189793
344.7588744852318,459.81302950624115,-11.638648471198621,10.6458840678402,15.773172978891337
344.7607383764248,470.05922833473903,-11.787276420325952,11.103828389454577,16.19366821667128
344.76260226761775,480.305427163237,-11.935904369453397,11.561772711068897,16.617472772330757
344.7644661588107,490.55162599173497,-12.084532318580727,12.019717032683275,17.044339790810277
344.7663300500037,500.79782482023285,-12.233160267708058,12.477661354297709,17.474044838215498
344.7681939411966,511.0440236487308,-12.381788216835503,12.93560567591203,17.906383600527885
344.7728267729834,521.2883504504908,-11.732951730632067,14.2297626110917,18.443109832166737
344.7774596047702,531.5326772522508,-11.084115244428745,15.523919546271145,19.07484439860197
344.782092436557,541.7770040540107,-10.435278758225365,16.81807648145059,19.79249199312181
344.78672526834373,552.0213308557708,-9.786442272021986,18.112233416630147,20.58707001207585
344.79135810013054,562.2656576575307,-9.137605785818664,19.406390351809705,21.45003090869194
344.79599093191734,572.5099844592908,-8.488769299615228,20.700547286989263,22.373463348417218
344.80062376370404,582.7543112610507,-7.839932813411906,21.994704222168707,23.350194010746435
344.80525659549085,592.9986380628108,-7.191096327208527,23.288861157348265,24.373816287020727
344.8098894272776,603.2429648645707,-6.542259841005091,24.583018092527936,25.438670216125367
355.3228503110285,101.24012329901238,-6.867088088920241,-19.1088446452776,20.305290997627804
355.3216059223785,111.48426612538023,-7.1996964384809985,-18.374063901014907,19.734281163621215
355.3203615337286,121.72840895174808,-7.532304788041756,-17.639283156752214,19.180196185233328
355.31911714507856,131.97255177811593,-7.864913137602628,-16.904502412489506,18.644545059504615
355.3178727564286,142.2166946044838,-8.197521487163385,-16.1697216682268,18.128961839014078
355.31662836777866,152.46083743085163,-8.5301298367242,-15.43494092396412,17.635206728519936
355.3153839791287,162.7049802572195,-8.862738186284957,-14.700160179701442,17.16516348502144
355.3141395904787,172.94912308358732,-9.195346535845658,-13.965379435438706,16.72083193773752
355.3128952018287,183.1932659099552,-9.527954885406473,-13.230598691176027,16.304314337784643
355.31165081317874,193.43740873632305,-9.86056323496723,-12.495817946913348,15.917794240195127
355.31040642452876,203.68155156269088,-10.193171584527988,-11.761037202650641,15.563506771732431
355.3118558296872,213.92719242434845,-10.30834715199785,-10.611706301220778,14.794266850015616
355.31330523484564,224.17283328600598,-10.423522719467769,-9.462375399790886,14.07786823669793
355.314754640004,234.41847414766355,-10.538698286937745,-8.313044498361052,13.422774318852102
355.3162040451625,244.6641150093211,-10.653873854407607,-7.1637135969311885,12.838372973413989
355.3176534503209,254.90975587097864,-10.769049421877526,-6.0143826955012685,12.334716237465123
355.3191028554794,265.1553967326362,-10.884224989347445,-4.865051794071405,11.922041879549525
355.3205522606378,275.40103759429377,-10.999400556817363,-3.7157208926415137,11.610055743248038
355.3220016657962,285.6466784559513,-11.114576124287225,-2.566389991211679,11.407022398924582
355.3234510709546,295.89231931760884,-11.229751691757087,-1.4170590897817306,11.318806453087454
355.32490047611304,306.13796017926643,-11.344927259227006,-0.2677281883518958,11.34808586943147
355.3261018304495,316.38264210846864,-11.356177659787875,0.5810185578712321,11.371031334283447
355.327303184786,326.62732403767086,-11.367428060348686,1.4297653040942464,11.456991294925313
355.32850453912243,336.8720059668731,-11.378678460909669,2.2785120503173744,11.604565510186546
355.3297058934589,347.11668789607535,-11.389928861470537,3.1272587965404455,11.811444748628304
355.3309072477953,357.3613698252775,-11.401179262031405,3.9760055427635734,12.074581095883271
355.3321086021318,367.6060517544798,-11.412429662592274,4.8247522889866445,12.390390851530787
355.3333099564682,377.850733683682,-11.423680063153142,5.673499035209716,12.754962073162279
355.3345113108047,388.09541561288427,-11.43493046371401,6.522245781432844,13.164244176685315
355.33571266514116,398.3400975420865,-11.44618086427488,7.370992527655915,13.614205346638919
355.3369140194776,408.5847794712887,-11.45743126483569,8.219739273879043,14.100951915348976
355.33891412440016,418.8307225097626,-11.557057253792664,8.678433714497714,14.45270853869171
355.3409142293226,429.0766655482365,-11.65668324274958,9.13712815511633,14.810988324376545
355.3429143342451,439.32260858671054,-11.756309231706553,9.595822595735001,15.175329256405842
355.3449144391676,449.5685516251845,-11.855935220663468,10.054517036353673,15.545305168792755
355.34691454409017,459.81449466365837,-11.955561209620441,10.513211476972288,15.920523213654846
355.3489146490126,470.06043770213233,-12.0551871985773,10.97190591759096,16.300621394818343
355.35091475393517,480.3063807406063,-12.154813187534273,11.430600358209574,16.685266200242594
355.3529148588576,490.5523237790802,-12.25443917649119,11.889294798828246,17.07415035495958
355.3549149637802,500.7982668175542,-12.354065165448162,12.347989239446918,17.466990707320956
355.3569150687027,511.0442098560281,-12.453691154405021,12.80668368006559,17.86352625464984
355.36201223094383,521.2885345049586,-11.728522216718943,14.179938769804721,18.401872103225823
355.367109393185,531.5328591538893,-11.003353279032865,15.55319385954408,19.051919132091733
355.37220655542615,541.7771838028196,-10.278184341346844,16.926448949283213,19.802670208519814
355.37730371766725,552.0215084517503,-9.553015403660766,18.299704039022345,20.64314102113316
355.38240087990846,562.2658331006808,-8.827846465974744,19.672959128761477,21.56284290414282
355.38749804214956,572.5101577496113,-8.102677528288666,21.046214218500722,22.5520845169234
355.3925952043908,582.7544823985418,-7.377508590602588,22.419469308239968,23.602123571143526
355.3976923666319,592.9988070474724,-6.65233965291651,23.7927243979791,24.70520910933472
355.40278952887303,603.2431316964029,-5.927170715230488,25.165979487718346,25.854552331528513
